id|innerId|requisite|requisitePhone|deviceName|methodType|methodName|amount|courseWorker|currency|status|createdAt|closedAt|updatedAt|oldAmount|receipt|orderComment|requisiteId|workerName|workerAmount|workerProfit|ordered|counted|initials
920001|demo-out-79021001001-001|79021001001|79021001001|device-demo-01|СБП|Сбербанк|10000.00|76.50|RUB|paid|17.06.2026 15:10:00|17.06.2026 15:31:00|17.06.2026 15:31:00|None|receipts/demo-out-79021001001-001.pdf|demo payout #1|req-74|Bliss_OP_DEMO|10000.00|0.00|true|true|A1
920002|demo-out-79021001001-002|79021001001|79021001001|device-demo-01|СБП|Сбербанк|11750.00|76.50|RUB|paid|17.06.2026 16:05:00|17.06.2026 16:29:00|17.06.2026 16:29:00|None|receipts/demo-out-79021001001-002.pdf|demo payout #2|req-74|Bliss_OP_DEMO|11750.00|0.00|true|true|A2
920003|demo-out-79021001001-003|79021001001|79021001001|device-demo-01|СБП|Сбербанк|10000.00|76.50|RUB|paid|17.06.2026 17:20:00|17.06.2026 17:46:00|17.06.2026 17:46:00|None|receipts/demo-out-79021001001-003.pdf|demo payout #3|req-74|Bliss_OP_DEMO|10000.00|0.00|true|true|A3
920004|demo-out-79021001002-001|79021001002|79021001002|device-demo-02|C2C|Т-Банк|9000.00|76.50|RUB|paid|17.06.2026 15:25:00|17.06.2026 15:55:00|17.06.2026 15:55:00|None|receipts/demo-out-79021001002-001.pdf|demo payout #4|req-75|Bliss_OP_DEMO|9000.00|0.00|true|true|B1
920005|demo-out-79021001002-002|79021001002|79021001002|device-demo-02|C2C|Т-Банк|10000.00|76.50|RUB|paid|17.06.2026 16:40:00|17.06.2026 17:02:00|17.06.2026 17:02:00|None|receipts/demo-out-79021001002-002.pdf|demo payout #5|req-75|Bliss_OP_DEMO|10000.00|0.00|true|true|B2
920006|demo-out-79021001002-003|79021001002|79021001002|device-demo-02|C2C|Т-Банк|8600.00|76.50|RUB|paid|17.06.2026 17:35:00|17.06.2026 17:58:00|17.06.2026 17:58:00|None|receipts/demo-out-79021001002-003.pdf|demo payout #6|req-75|Bliss_OP_DEMO|8600.00|0.00|true|true|B3
920007|demo-out-79021001002-004|79021001002|79021001002|device-demo-02|C2C|Т-Банк|10000.00|76.50|RUB|paid|17.06.2026 18:20:00|17.06.2026 18:51:00|17.06.2026 18:51:00|None|receipts/demo-out-79021001002-004.pdf|demo payout #7|req-75|Bliss_OP_DEMO|10000.00|0.00|true|true|B4
920008|demo-out-79021001003-001|79021001003|79021001003|device-demo-03|СБП|ВТБ|14500.00|76.50|RUB|paid|17.06.2026 15:45:00|17.06.2026 16:10:00|17.06.2026 16:10:00|None|receipts/demo-out-79021001003-001.pdf|demo payout #8|req-76|Bliss_OP_DEMO|14500.00|0.00|true|true|C1
920009|demo-out-79021001003-002|79021001003|79021001003|device-demo-03|СБП|ВТБ|14950.00|76.50|RUB|paid|17.06.2026 17:05:00|17.06.2026 17:33:00|17.06.2026 17:33:00|None|receipts/demo-out-79021001003-002.pdf|demo payout #9|req-76|Bliss_OP_DEMO|14950.00|0.00|true|true|C2
